12/04/2022,11:04,Manuel Gatillo,85669808I,4 jul 2022,18:00
12/04/2022,11:05,Pepelu Orogoien,76648723T,14 jul 2022,09:15
12/04/2022,11:12,Manuela Mella,68846732H,26 jul 2022,12:00
12/04/2022,23:20,Federico Garcia,74463728K,30 jul 2022,19:30
13/04/2022,14:07,miguel alvarez,71154706C,14 sept 2022,20:00
13/04/2022,14:12,gonzalo alvarez,76584874F,23 sept 2022,12:00
13/04/2022,14:14,Manola del Pino,89403927I,30 sept 2022,12:30
13/04/2022,14:28,Manolo Cadenas,89674523F,30 sept 2022,09:15
13/04/2022,14:37,Simon Dice,90483710P,18 mar 2022,19:30
13/04/2022,17:19,Estrella Reyes,90076743J,24 sept 2022,17:45
13/04/2022,17:21,Victoria Abril,90875632E,21 sept 2022,11:45
25/04/2022,12:35,Manuel Gonzalez,78965498S,9 may 2022,09:00
25/04/2022,12:39,Samuel Feijo,65478932F,14 jul 2022,12:30
05/05/2022,11:20,Gonzalo Alvarez,67859021G,22 jul 2022,13:45
05/05/2022,20:44,JuanMa SantaMaria,75489032U,23 nov 2022,09:45
